{
  "indexes": [
    {
      "collectionGroup": "lessons",
      "queryScope": "COLLECTION_GROUP",
      "fields": [
        {
          "fieldPath": "courseid",
          "order": "ASCENDING"
        },
        {
          "fieldPath": "order",
          "order": "ASCENDING"
        }
      ]
    },
    {
      "collectionGroup": "users",
      "queryScope": "COLLECTION",
      "fields": [
        {
          "fieldPath": "email",
          "order": "ASCENDING"
        },
        {
          "fieldPath": "hasPremium",
          "order": "ASCENDING"
        },
        {
          "fieldPath": "recently_played",
          "arrayConfig": "CONTAINS"
        }
      ]
    }
  ],
  "fieldOverrides": [
    {
      "collectionGroup": "lessons",
      "fieldPath": "lessonid",
      "indexes": [
        {
          "order": "ASCENDING",
          "queryScope": "COLLECTION_GROUP"
        }
      ]
    },
    {
      "collectionGroup": "lessons",
      "fieldPath": "lessonTitle",
      "indexes": [
        {
          "order": "ASCENDING",
          "queryScope": "COLLECTION_GROUP"
        }
      ]
    }
  ]
}