{
  "project_info": {
    "project_number": "935383203113",
    "project_id": "mindful-4c5bd",
    "storage_bucket": "mindful-4c5bd.appspot.com"
  },
  "client": [
    {
      "client_info": {
        "mobilesdk_app_id": "1:935383203113:android:0e7900eb42eb12fe79cb38",
        "android_client_info": {
          "package_name": "com.mindfulscience.app"
        }
      },
      "oauth_client": [
        {
          "client_id": "935383203113-1ebqggiljq3pgeau7orhnhrjsvtln392.apps.googleusercontent.com",
          "client_type": 1,
          "android_info": {
            "package_name": "com.mindfulscience.app",
            "certificate_hash": "8d6fdf24724c8fbc33625db688113f80944a8c78"
          }
        },
        {
          "client_id": "935383203113-5ppjh3njpm7233b936jpksq8vnf52v83.apps.googleusercontent.com",
          "client_type": 1,
          "android_info": {
            "package_name": "com.mindfulscience.app",
            "certificate_hash": "bcb9c7827b68c5129c2068471187f5fe32c121fa"
          }
        },
        {
          "client_id": "935383203113-7cno4gidfng71lq4qgdfqb4v7sn1r01l.apps.googleusercontent.com",
          "client_type": 1,
          "android_info": {
            "package_name": "com.mindfulscience.app",
            "certificate_hash": "9bbb3186b2189ef16d8f272bdab59362c395cbb4"
          }
        },
        {
          "client_id": "935383203113-h7a6c5p43gc52vmfuc27i5p86di56nfo.apps.googleusercontent.com",
          "client_type": 1,
          "android_info": {
            "package_name": "com.mindfulscience.app",
            "certificate_hash": "0966264157099af8c9bdb870f6073b5fb76d61ca"
          }
        },
        {
          "client_id": "935383203113-ldbki1tfpfpcidrc2ajckqfomp66ivth.apps.googleusercontent.com",
          "client_type": 1,
          "android_info": {
            "package_name": "com.mindfulscience.app",
            "certificate_hash": "81e0ea61a91fe691d31aa58d67ff7f6778e15ca8"
          }
        },
        {
          "client_id": "935383203113-jgme70um0ucj883e8b24mq5vq77nt3ba.apps.googleusercontent.com",
          "client_type": 3
        }
      ],
      "api_key": [
        {
          "current_key": "AIzaSyBdfDAR-y-rLBJL2e_jVYvrCjrBJ1hYVJ0"
        }
      ],
      "services": {
        "appinvite_service": {
          "other_platform_oauth_client": [
            {
              "client_id": "935383203113-jgme70um0ucj883e8b24mq5vq77nt3ba.apps.googleusercontent.com",
              "client_type": 3
            },
            {
              "client_id": "935383203113-0ddn67h2obptl57u7aoug7j070vvru3s.apps.googleusercontent.com",
              "client_type": 2,
              "ios_info": {
                "bundle_id": "com.mindfulscience.mindfulapp"
              }
            }
          ]
        }
      }
    }
  ],
  "configuration_version": "1"
}